source,accuracy,f1_macro,f1_micro,precision,recall
twitter,0.5761083743842365,0.4342541962160864,0.5761083743842365,0.605809869719928,0.5761083743842365
