source,accuracy,f1_macro,f1_micro,precision,recall
twitter,0.604679802955665,0.5636533017115601,0.604679802955665,0.7473869344202457,0.604679802955665
