source,accuracy,f1_macro,f1_micro,precision,recall
twitter,0.7147783251231528,0.6764514645202312,0.7147783251231528,0.7156165139887168,0.7147783251231528
