source,accuracy,f1_macro,f1_micro,precision,recall
twitter,0.6748768472906403,0.6071867263128778,0.6748768472906403,0.7380525901884819,0.6748768472906403
