source,accuracy,f1_macro,f1_micro,precision,recall
twitter,0.4834975369458128,0.29599184835317793,0.4834975369458128,0.5336228089672026,0.4834975369458128
