source,accuracy,f1_macro,f1_micro,precision,recall
twitter,0.5201970443349754,0.39342155906601567,0.5201970443349754,0.4987713175685271,0.5201970443349754
