source,accuracy,f1_macro,f1_micro,precision,recall
twitter,0.5330049261083744,0.3684012532843238,0.5330049261083744,0.592906274508792,0.5330049261083744
