source,accuracy,f1_macro,f1_micro,precision,recall
twitter,0.41674876847290643,0.18367830131896884,0.41674876847290643,0.3516510918685015,0.41674876847290643
