source,accuracy,f1_macro,f1_micro,precision,recall
twitter,0.48891625615763545,0.27044995293303553,0.48891625615763545,0.5439732607254548,0.48891625615763545
