source,accuracy,f1_macro,f1_micro,precision,recall
twitter,0.6975369458128079,0.6651554368998795,0.6975369458128079,0.7366146294730068,0.6975369458128079
