source,accuracy,f1_macro,f1_micro,precision,recall
twitter,0.5630541871921182,0.4509853360520307,0.5630541871921182,0.553064998332683,0.5630541871921182
