source,accuracy,f1_macro,f1_micro,precision,recall
twitter,0.4731527093596059,0.22807619172960283,0.47315270935960585,0.4071167626333466,0.4731527093596059
