source,accuracy,f1_macro,f1_micro,precision,recall
twitter,0.587192118226601,0.504530865174331,0.587192118226601,0.7337954092015867,0.587192118226601
