source,accuracy,f1_macro,f1_micro,precision,recall
twitter,0.5911330049261084,0.4536940717538197,0.5911330049261084,0.5881473432909747,0.5911330049261084
