source,accuracy,f1_macro,f1_micro,precision,recall
twitter,0.7652709359605911,0.754163214957612,0.7652709359605913,0.7765150928860174,0.7652709359605911
