source,accuracy,f1_macro,f1_micro,precision,recall
twitter,0.4416256157635468,0.25027637121679247,0.4416256157635468,0.3854538823612218,0.4416256157635468
