source,accuracy,f1_macro,f1_micro,precision,recall
twitter,0.5714285714285714,0.30243805034316934,0.5714285714285714,0.5663699701326459,0.5714285714285714
