source,accuracy,f1_macro,f1_micro,precision,recall
twitter,0.5600985221674877,0.26496378444035434,0.5600985221674877,0.5057178723430389,0.5600985221674877
