source,accuracy,f1_macro,f1_micro,precision,recall
twitter,0.6992610837438423,0.6117129784070346,0.6992610837438423,0.7317847765460482,0.6992610837438423
