source,accuracy,f1_macro,f1_micro,precision,recall
twitter,0.6288177339901477,0.4767311327262386,0.6288177339901477,0.6132567690019793,0.6288177339901477
