source,accuracy,f1_macro,f1_micro,precision,recall
twitter,0.8022167487684729,0.7572615332534705,0.8022167487684729,0.8150128753852126,0.8022167487684729
