source,accuracy,f1_macro,f1_micro,precision,recall
twitter,0.5165024630541872,0.2117632002913703,0.5165024630541872,0.46419436016889803,0.5165024630541872
