source,accuracy,f1_macro,f1_micro,precision,recall
twitter,0.5958128078817734,0.3709008959053158,0.5958128078817734,0.6249254465238159,0.5958128078817734
