source,accuracy,f1_macro,f1_micro,precision,recall
twitter,0.5238916256157635,0.24595140375388458,0.5238916256157635,0.43695760432979963,0.5238916256157635
