source,accuracy,f1_macro,f1_micro,precision,recall
twitter,0.7236453201970443,0.5791288451165657,0.7236453201970443,0.771034744266782,0.7236453201970443
