source,accuracy,f1_macro,f1_micro,precision,recall
twitter,0.7583743842364532,0.7124659271768504,0.7583743842364532,0.7576574948761352,0.7583743842364532
