source,accuracy,f1_macro,f1_micro,precision,recall
twitter,0.7002463054187192,0.6104534396500253,0.7002463054187192,0.7246509283203615,0.7002463054187192
