source,accuracy,f1_macro,f1_micro,precision,recall
twitter,0.6344827586206897,0.441147050910805,0.6344827586206897,0.6615290189217027,0.6344827586206897
