source,accuracy,f1_macro,f1_micro,precision,recall
twitter,0.6504926108374385,0.46487395185694413,0.6504926108374385,0.646903896679348,0.6504926108374385
