source,accuracy,f1_macro,f1_micro,precision,recall
twitter,0.7458128078817734,0.6959186851808683,0.7458128078817735,0.7870585873597767,0.7458128078817734
