source,accuracy,f1_macro,f1_micro,precision,recall
twitter,0.5810344827586207,0.3410128642338342,0.5810344827586207,0.5691835888235016,0.5810344827586207
