source,accuracy,f1_macro,f1_micro,precision,recall
twitter,0.5876847290640395,0.42156611868630833,0.5876847290640395,0.5636652203797399,0.5876847290640395
