source,accuracy,f1_macro,f1_micro,precision,recall
tfidf,0.3887654071529602,0.21031193751758032,0.3887654071529602,0.4060355315264556,0.3887654071529602
