source,accuracy,f1_macro,f1_micro,precision,recall
tfidf,0.3588603758335017,0.2850329802720405,0.3588603758335017,0.33444826554207,0.3588603758335017
