source,accuracy,f1_macro,f1_micro,precision,recall
tfidf,0.37310567791473026,0.26088239267085056,0.37310567791473026,0.3635873896320904,0.37310567791473026
