source,accuracy,f1_macro,f1_micro,precision,recall
tfidf,0.38563346130531423,0.27897826579759766,0.38563346130531423,0.38449998592711904,0.38563346130531423
