source,accuracy,f1_macro,f1_micro,precision,recall
tfidf,0.3796726611436654,0.13093503732020395,0.3796726611436654,0.32402453939612685,0.3796726611436654
