source,accuracy,f1_macro,f1_micro,precision,recall
tfidf,0.40755708223883613,0.28880883308639455,0.40755708223883613,0.43320710907088356,0.40755708223883613
