source,accuracy,f1_macro,f1_micro,precision,recall
tfidf,0.4001313396645787,0.2782368441183674,0.4001313396645787,0.45905061226027816,0.4001313396645787
