source,accuracy,f1_macro,f1_micro,precision,recall
tfidf,0.39800969892907656,0.38152735453207054,0.39800969892907656,0.39345447562062164,0.39800969892907656
