source,accuracy,f1_macro,f1_micro,precision,recall
tfidf,0.4376641745807234,0.32658152246601047,0.4376641745807234,0.5118648752571151,0.4376641745807234
