source,accuracy,f1_macro,f1_micro,precision,recall
tfidf,0.4413517882400485,0.3698589543749776,0.4413517882400485,0.43809624267504726,0.4413517882400485
