source,accuracy,f1_macro,f1_micro,precision,recall
tfidf,0.4201353808850273,0.39038153411734905,0.42013538088502733,0.41174910144516563,0.4201353808850273
