source,accuracy,f1_macro,f1_micro,precision,recall
tfidf,0.3788644170539503,0.1289650309292561,0.37886441705395035,0.3215725282595832,0.3788644170539503
