source,accuracy,f1_macro,f1_micro,precision,recall
tfidf,0.45059608001616486,0.3606023250366227,0.45059608001616486,0.4632523936706308,0.45059608001616486
