source,accuracy,f1_macro,f1_micro,precision,recall
tfidf,0.37846029500909273,0.18046927070702368,0.37846029500909273,0.3934665158579691,0.37846029500909273
