source,accuracy,f1_macro,f1_micro,precision,recall
tfidf,0.4099312992523742,0.2773074830345024,0.4099312992523742,0.447622327018229,0.4099312992523742
