source,accuracy,f1_macro,f1_micro,precision,recall
tfidf,0.38512830874924225,0.2517218314201766,0.38512830874924225,0.37978383279601546,0.38512830874924225
