source,accuracy,f1_macro,f1_micro,precision,recall
combined,0.4400889068498687,0.35503717208252583,0.4400889068498687,0.43866497063908855,0.4400889068498687
