source,accuracy,f1_macro,f1_micro,precision,recall
combined,0.42877348959385736,0.3132030284939606,0.42877348959385736,0.4921315192877323,0.42877348959385736
