source,accuracy,f1_macro,f1_micro,precision,recall
combined,0.4354415033340069,0.40777434171284227,0.4354415033340069,0.5167228312241572,0.4354415033340069
