source,accuracy,f1_macro,f1_micro,precision,recall
combined,0.44468579511012324,0.3398037201727486,0.44468579511012324,0.4593060035307313,0.44468579511012324
