source,accuracy,f1_macro,f1_micro,precision,recall
combined,0.39967670236411396,0.2642309423605539,0.3996767023641139,0.42831268341765355,0.39967670236411396
