source,accuracy,f1_macro,f1_micro,precision,recall
combined,0.42175186906445744,0.4540065890091504,0.4217518690644575,0.41673173021729915,0.42175186906445744
