source,accuracy,f1_macro,f1_micro,precision,recall
combined,0.3862396443726005,0.1640731447959498,0.3862396443726005,0.33656976519223664,0.3862396443726005
