source,accuracy,f1_macro,f1_micro,precision,recall
combined,0.4209941402303496,0.3837038421873797,0.4209941402303496,0.4127922466016745,0.4209941402303496
