source,accuracy,f1_macro,f1_micro,precision,recall
combined,0.4008890684986866,0.27842276144110006,0.4008890684986866,0.46325777742054797,0.4008890684986866
