source,accuracy,f1_macro,f1_micro,precision,recall
combined,0.4243786623560315,0.3807775817112843,0.42437866235603156,0.48020572356347574,0.4243786623560315
