source,accuracy,f1_macro,f1_micro,precision,recall
combined,0.47368155182865224,0.4561195189950204,0.47368155182865224,0.5071630765042092,0.47368155182865224
