source,accuracy,f1_macro,f1_micro,precision,recall
combined,0.39603960396039606,0.36550341766129785,0.39603960396039606,0.38682716220691077,0.39603960396039606
