source,accuracy,f1_macro,f1_micro,precision,recall
combined,0.43200646595271774,0.4031069195308614,0.43200646595271774,0.5272787827463733,0.43200646595271774
