source,accuracy,f1_macro,f1_micro,precision,recall
combined,0.40740553647201455,0.26689675223294557,0.40740553647201455,0.4686574464996857,0.40740553647201455
