source,accuracy,f1_macro,f1_micro,precision,recall
combined,0.40068700747625785,0.21139185852499728,0.4006870074762578,0.34574852513990134,0.40068700747625785
