source,accuracy,f1_macro,f1_micro,precision,recall
combined,0.4161951909476662,0.38156528503760345,0.4161951909476662,0.4468154268514239,0.4161951909476662
