source,accuracy,f1_macro,f1_micro,precision,recall
combined,0.67008486562942,0.6895372637111695,0.67008486562942,0.6745566230535461,0.67008486562942
