source,accuracy,f1_macro,f1_micro,precision,recall
combined,0.585421297231764,0.4313124445618419,0.585421297231764,0.6214440278508844,0.585421297231764
