source,accuracy,f1_macro,f1_micro,precision,recall
combined,0.6696807435845625,0.6016874504521118,0.6696807435845625,0.6682568243849288,0.6696807435845625
