source,accuracy,f1_macro,f1_micro,precision,recall
combined,0.633764396847848,0.6186225014378751,0.633764396847848,0.6460213634111425,0.633764396847848
