source,accuracy,f1_macro,f1_micro,precision,recall
combined,0.6284602950090927,0.5019772157328456,0.6284602950090927,0.6287301653221068,0.6284602950090927
