source,accuracy,f1_macro,f1_micro,precision,recall
combined,0.6914528187512629,0.7245268875522894,0.6914528187512629,0.6955792916954928,0.6914528187512629
