source,accuracy,f1_macro,f1_micro,precision,recall
combined,0.5858254192766216,0.4291580909689022,0.5858254192766216,0.5956213563321548,0.5858254192766216
