source,accuracy,f1_macro,f1_micro,precision,recall
combined,0.5207112547989493,0.2996107838484003,0.5207112547989493,0.4883762041595012,0.5207112547989493
