source,accuracy,f1_macro,f1_micro,precision,recall
combined,0.6531117397454032,0.5551111127200387,0.6531117397454032,0.65231592770768,0.6531117397454032
