source,accuracy,f1_macro,f1_micro,precision,recall
combined,0.6537684380682967,0.5906966530343108,0.6537684380682967,0.6533599921209715,0.6537684380682967
