source,accuracy,f1_macro,f1_micro,precision,recall
combined,0.6284097797534856,0.6093888993268448,0.6284097797534856,0.6381523731851219,0.6284097797534856
