source,accuracy,f1_macro,f1_micro,precision,recall
combined,0.6680137401495252,0.6113056666412175,0.6680137401495252,0.6665117384575557,0.6680137401495252
