source,accuracy,f1_macro,f1_micro,precision,recall
combined,0.6515457668215802,0.6516380931113875,0.6515457668215802,0.6530704095393907,0.6515457668215802
