source,accuracy,f1_macro,f1_micro,precision,recall
combined,0.6405839563548191,0.5610994401574244,0.6405839563548191,0.6451415849230264,0.6405839563548191
