source,accuracy,f1_macro,f1_micro,precision,recall
combined,0.6178520913315821,0.5459934830683287,0.6178520913315821,0.6378816738615097,0.6178520913315821
