source,accuracy,f1_macro,f1_micro,precision,recall
combined,0.6793291574055365,0.7024831108952294,0.6793291574055365,0.6792238874922317,0.6793291574055365
