source,accuracy,f1_macro,f1_micro,precision,recall
tfidf,0.6401245551601423,0.6371067303684201,0.6401245551601423,0.6507658124048943,0.6401245551601423
