source,accuracy,f1_macro,f1_micro,precision,recall
tfidf,0.6425394001016776,0.6425389829078874,0.6425394001016776,0.6431194622165738,0.6425394001016776
