source,accuracy,f1_macro,f1_micro,precision,recall
tfidf,0.6764107778342654,0.6757581135826713,0.6764107778342654,0.6763196825801154,0.6764107778342654
