source,accuracy,f1_macro,f1_micro,precision,recall
tfidf,0.6398068124046772,0.6355025572053434,0.6398068124046772,0.6536180257586647,0.6398068124046772
