source,accuracy,f1_macro,f1_micro,precision,recall
tfidf,0.6334519572953736,0.6334519572953737,0.6334519572953736,0.6339826567156664,0.6334519572953736
