source,accuracy,f1_macro,f1_micro,precision,recall
tfidf,0.6296390442297916,0.6263246654058245,0.6296390442297916,0.638581866254154,0.6296390442297916
