source,accuracy,f1_macro,f1_micro,precision,recall
tfidf,0.6194077275038129,0.6184338251132777,0.6194077275038129,0.6193708471142274,0.6194077275038129
