source,accuracy,f1_macro,f1_micro,precision,recall
tfidf,0.619661921708185,0.6188794787259694,0.619661921708185,0.6195702242716311,0.619661921708185
