source,accuracy,f1_macro,f1_micro,precision,recall
tfidf,0.6960472801220132,0.6956849249770285,0.6960472801220132,0.6959681899285883,0.6960472801220132
