source,accuracy,f1_macro,f1_micro,precision,recall
tfidf,0.688485002541942,0.6882935388959863,0.688485002541942,0.6914204815377931,0.688485002541942
