source,accuracy,f1_macro,f1_micro,precision,recall
tfidf,0.6964921199796644,0.6963696779241783,0.6964921199796644,0.6966494714761396,0.6964921199796644
