source,accuracy,f1_macro,f1_micro,precision,recall
tfidf,0.6785078800203356,0.6782244811814728,0.6785078800203356,0.6784688824853043,0.6785078800203356
