source,accuracy,f1_macro,f1_micro,precision,recall
tfidf,0.7004321301474327,0.7001623677310269,0.7004321301474327,0.700392790896053,0.7004321301474327
