source,accuracy,f1_macro,f1_micro,precision,recall
tfidf,0.6378368073207931,0.6376266008717419,0.6378368073207931,0.6395995163687369,0.6378368073207931
