source,accuracy,f1_macro,f1_micro,precision,recall
tfidf,0.6443823080833757,0.6443587769231705,0.6443823080833757,0.645271991456051,0.6443823080833757
