source,accuracy,f1_macro,f1_micro,precision,recall
combined,0.24045261669024046,0.20470963525988,0.24045261669024046,0.23489369140122382,0.24045261669024046
