source,accuracy,f1_macro,f1_micro,precision,recall
combined,0.1524550414225096,0.10721421878946895,0.1524550414225096,0.35837416874148986,0.1524550414225096
