source,accuracy,f1_macro,f1_micro,precision,recall
combined,0.1905435441503334,0.15272431209005388,0.1905435441503334,0.2717872769397036,0.1905435441503334
