source,accuracy,f1_macro,f1_micro,precision,recall
combined,0.22277227722772278,0.19249304766556416,0.22277227722772278,0.23148855081467481,0.22277227722772278
