source,accuracy,f1_macro,f1_micro,precision,recall
combined,0.22570216205294,0.19476710531758393,0.22570216205294,0.21560391307445748,0.22570216205294
