source,accuracy,f1_macro,f1_micro,precision,recall
combined,0.2662153970499091,0.22573102656915936,0.2662153970499091,0.2508747544140379,0.2662153970499091
