source,accuracy,f1_macro,f1_micro,precision,recall
combined,0.18392604566579107,0.1180745460494914,0.18392604566579107,0.16294744767395236,0.18392604566579107
