source,accuracy,f1_macro,f1_micro,precision,recall
combined,0.2226207314609012,0.19566488272126592,0.2226207314609012,0.21277924096595457,0.2226207314609012
