source,accuracy,f1_macro,f1_micro,precision,recall
combined,0.16412406546777128,0.12590410016335718,0.16412406546777128,0.1703714338537208,0.16412406546777128
