source,accuracy,f1_macro,f1_micro,precision,recall
combined,0.29839361487169125,0.2730825642319747,0.29839361487169125,0.2877245394554179,0.29839361487169125
