source,accuracy,f1_macro,f1_micro,precision,recall
combined,0.22883410790058598,0.20792385625506768,0.22883410790058598,0.2241607109880068,0.22883410790058598
