source,accuracy,f1_macro,f1_micro,precision,recall
combined,0.26419478682562136,0.22737844456232525,0.26419478682562136,0.250127080201524,0.26419478682562136
