source,accuracy,f1_macro,f1_micro,precision,recall
combined,0.2202465144473631,0.1946996901967362,0.2202465144473631,0.22006543714130405,0.2202465144473631
