source,accuracy,f1_macro,f1_micro,precision,recall
combined,0.18700747625782987,0.15766000181300138,0.18700747625782987,0.252792161255536,0.18700747625782987
