source,accuracy,f1_macro,f1_micro,precision,recall
combined,0.21681147706607395,0.19318242413992093,0.21681147706607395,0.20994145734039574,0.21681147706607395
