source,accuracy,f1_macro,f1_micro,precision,recall
combined,0.153869468579511,0.09170531227864367,0.153869468579511,0.1303834282910821,0.153869468579511
