source,accuracy,f1_macro,f1_micro,precision,recall
twitter,0.36798029556650247,0.28296176838601633,0.36798029556650247,0.35388977024881996,0.36798029556650247
