source,accuracy,f1_macro,f1_micro,precision,recall
twitter,0.7509852216748768,0.745891828546039,0.7509852216748769,0.7517653190745779,0.7509852216748768
