source,accuracy,f1_macro,f1_micro,precision,recall
twitter,0.6086206896551725,0.592114710775692,0.6086206896551725,0.6047358954658112,0.6086206896551725
