source,accuracy,f1_macro,f1_micro,precision,recall
twitter,0.5504926108374384,0.5201793338403846,0.5504926108374384,0.5646671680143375,0.5504926108374384
