source,accuracy,f1_macro,f1_micro,precision,recall
twitter,0.4105911330049261,0.37182701541596047,0.4105911330049261,0.39702204122382856,0.4105911330049261
