source,accuracy,f1_macro,f1_micro,precision,recall
twitter,0.5219211822660098,0.5074874264708412,0.5219211822660098,0.5198958949590347,0.5219211822660098
