source,accuracy,f1_macro,f1_micro,precision,recall
twitter,0.5807881773399015,0.5595122925683125,0.5807881773399015,0.5817321152629362,0.5807881773399015
