source,accuracy,f1_macro,f1_micro,precision,recall
twitter,0.4194581280788177,0.3862790844815017,0.41945812807881766,0.42368528851550974,0.4194581280788177
