source,accuracy,f1_macro,f1_micro,precision,recall
twitter,0.6113300492610837,0.5917377422771315,0.6113300492610837,0.6365470875168505,0.6113300492610837
