source,accuracy,f1_macro,f1_micro,precision,recall
twitter,0.6746305418719212,0.6583957951021008,0.6746305418719212,0.6853189586271601,0.6746305418719212
