source,accuracy,f1_macro,f1_micro,precision,recall
twitter,0.49261083743842365,0.4629969889614747,0.49261083743842365,0.49848579532431525,0.49261083743842365
