source,accuracy,f1_macro,f1_micro,precision,recall
twitter,0.5002463054187192,0.42384981750835415,0.5002463054187192,0.4844672451662598,0.5002463054187192
