source,accuracy,f1_macro,f1_micro,precision,recall
twitter,0.5807881773399015,0.5661473982281537,0.5807881773399015,0.5780395350942236,0.5807881773399015
