source,accuracy,f1_macro,f1_micro,precision,recall
twitter,0.7238916256157636,0.7128257312679941,0.7238916256157636,0.7291800403847892,0.7238916256157636
