source,accuracy,f1_macro,f1_micro,precision,recall
twitter,0.6266009852216748,0.6164685223154445,0.6266009852216748,0.6401430441122001,0.6266009852216748
