source,accuracy,f1_macro,f1_micro,precision,recall
twitter,0.7275862068965517,0.7217262089512451,0.7275862068965517,0.7271709708628589,0.7275862068965517
