source,accuracy,f1_macro,f1_micro,precision,recall
tfidf,0.4921182266009852,0.28816323600894356,0.4921182266009852,0.5033704282778283,0.4921182266009852
