source,accuracy,f1_macro,f1_micro,precision,recall
tfidf,0.570935960591133,0.4561812194037391,0.570935960591133,0.5559151865379778,0.570935960591133
