source,accuracy,f1_macro,f1_micro,precision,recall
tfidf,0.5911330049261084,0.4483973173106435,0.5911330049261084,0.6135893717281039,0.5911330049261084
