source,accuracy,f1_macro,f1_micro,precision,recall
tfidf,0.5189655172413793,0.3871818754252785,0.5189655172413793,0.4931413374940615,0.5189655172413793
