source,accuracy,f1_macro,f1_micro,precision,recall
tfidf,0.43029556650246303,0.20861520612811907,0.430295566502463,0.3608049410672664,0.43029556650246303
