source,accuracy,f1_macro,f1_micro,precision,recall
tfidf,0.4862068965517241,0.27824238029988324,0.4862068965517241,0.4865363553484685,0.4862068965517241
