source,accuracy,f1_macro,f1_micro,precision,recall
tfidf,0.3943349753694581,0.16005251743349955,0.3943349753694581,0.29549105161509337,0.3943349753694581
