source,accuracy,f1_macro,f1_micro,precision,recall
tfidf,0.43226600985221675,0.2329746434791117,0.43226600985221675,0.3773256460105446,0.43226600985221675
