source,accuracy,f1_macro,f1_micro,precision,recall
tfidf,0.3716748768472906,0.21843444930250097,0.37167487684729067,0.3279312060563534,0.3716748768472906
