source,accuracy,f1_macro,f1_micro,precision,recall
tfidf,0.41970443349753694,0.26978444047991296,0.41970443349753694,0.375043712270718,0.41970443349753694
