source,accuracy,f1_macro,f1_micro,precision,recall
tfidf,0.6059113300492611,0.4741108988600004,0.6059113300492611,0.595977303542216,0.6059113300492611
