source,accuracy,f1_macro,f1_micro,precision,recall
tfidf,0.3931034482758621,0.15819974277466758,0.3931034482758621,0.29457144966612786,0.3931034482758621
