source,accuracy,f1_macro,f1_micro,precision,recall
tfidf,0.40123152709359605,0.24184677930913995,0.40123152709359605,0.3406354320800332,0.40123152709359605
