source,accuracy,f1_macro,f1_micro,precision,recall
tfidf,0.5490147783251231,0.38978441842672096,0.5490147783251231,0.5975734548586866,0.5490147783251231
