source,accuracy,f1_macro,f1_micro,precision,recall
tfidf,0.3810344827586207,0.22647749995831784,0.3810344827586207,0.30783300971241334,0.3810344827586207
