source,accuracy,f1_macro,f1_micro,precision,recall
tfidf,0.45073891625615764,0.26758684331236515,0.45073891625615764,0.4036270031338273,0.45073891625615764
