source,accuracy,f1_macro,f1_micro,precision,recall
reddit,0.08801474326385358,0.059225955835382184,0.08801474326385358,0.0722749614948624,0.08801474326385358
