source,accuracy,f1_macro,f1_micro,precision,recall
reddit,0.08274021352313167,0.07081316456288925,0.08274021352313167,0.11538657656571094,0.08274021352313167
