source,accuracy,f1_macro,f1_micro,precision,recall
reddit,0.11095577020843925,0.10413074435757065,0.11095577020843925,0.11281008525953592,0.11095577020843925
