source,accuracy,f1_macro,f1_micro,precision,recall
reddit,0.1478139298423996,0.14587019461002843,0.1478139298423996,0.15011950310862088,0.1478139298423996
