source,accuracy,f1_macro,f1_micro,precision,recall
reddit,0.16274783934926285,0.15314186051906664,0.16274783934926285,0.1569337350583284,0.16274783934926285
