source,accuracy,f1_macro,f1_micro,precision,recall
reddit,0.15423233350279614,0.14761848200277686,0.15423233350279614,0.15429362927426124,0.15423233350279614
