source,accuracy,f1_macro,f1_micro,precision,recall
reddit,0.12334773767158108,0.11009033211782934,0.12334773767158108,0.12063730543941074,0.12334773767158108
