source,accuracy,f1_macro,f1_micro,precision,recall
reddit,0.08140569395017794,0.06625229195779236,0.08140569395017794,0.10957880586221083,0.08140569395017794
