source,accuracy,f1_macro,f1_micro,precision,recall
reddit,0.08528215556685308,0.058367332882109005,0.08528215556685308,0.0718944793539433,0.08528215556685308
