source,accuracy,f1_macro,f1_micro,precision,recall
reddit,0.19426792069140825,0.18811750819542863,0.19426792069140825,0.19453894127465293,0.19426792069140825
