source,accuracy,f1_macro,f1_micro,precision,recall
reddit,0.19013726487036095,0.18499318003467077,0.19013726487036095,0.19036671412986428,0.19013726487036095
