source,accuracy,f1_macro,f1_micro,precision,recall
reddit,0.1601423487544484,0.15852356071205514,0.1601423487544484,0.16499984671374462,0.1601423487544484
