source,accuracy,f1_macro,f1_micro,precision,recall
reddit,0.09900864260294866,0.08975165372391265,0.09900864260294866,0.09264517853081403,0.09900864260294866
