source,accuracy,f1_macro,f1_micro,precision,recall
reddit,0.15791814946619218,0.15478326922748578,0.15791814946619218,0.17429697068699462,0.15791814946619218
