source,accuracy,f1_macro,f1_micro,precision,recall
reddit,0.06634468734112862,0.04471863384120993,0.06634468734112862,0.2393920985413439,0.06634468734112862
