source,accuracy,f1_macro,f1_micro,precision,recall
reddit,0.08324860193187596,0.06124765687448648,0.08324860193187596,0.08939036469793851,0.08324860193187596
