source,accuracy,f1_macro,f1_micro,precision,recall
tfidf,0.6699838351182057,0.6076717594483592,0.6699838351182057,0.6700671559229104,0.6699838351182057
