source,accuracy,f1_macro,f1_micro,precision,recall
tfidf,0.5970903212770257,0.4550152393710422,0.5970903212770257,0.5960825214231699,0.5970903212770257
