source,accuracy,f1_macro,f1_micro,precision,recall
tfidf,0.5961810466760962,0.4687312252307107,0.5961810466760962,0.5945573592437552,0.5961810466760962
