source,accuracy,f1_macro,f1_micro,precision,recall
tfidf,0.6514447363103657,0.5532754222789397,0.6514447363103657,0.6510328033363302,0.6514447363103657
