source,accuracy,f1_macro,f1_micro,precision,recall
tfidf,0.568448171347747,0.4403686543619729,0.568448171347747,0.5673526591317501,0.568448171347747
