source,accuracy,f1_macro,f1_micro,precision,recall
tfidf,0.5943624974742372,0.4681690920949375,0.5943624974742372,0.5947012852231675,0.5943624974742372
