source,accuracy,f1_macro,f1_micro,precision,recall
tfidf,0.6751363911901395,0.6179479877692933,0.6751363911901395,0.6736455257393431,0.6751363911901395
