source,accuracy,f1_macro,f1_micro,precision,recall
tfidf,0.5544049302889472,0.3610438933322244,0.5544049302889472,0.5419966386106486,0.5544049302889472
