source,accuracy,f1_macro,f1_micro,precision,recall
tfidf,0.6368458274398868,0.5510291561617556,0.6368458274398868,0.6379402842404622,0.6368458274398868
