source,accuracy,f1_macro,f1_micro,precision,recall
tfidf,0.5763285512224692,0.44850315517562894,0.5763285512224692,0.5763699871359584,0.5763285512224692
