source,accuracy,f1_macro,f1_micro,precision,recall
tfidf,0.5541523540109113,0.3622578835338839,0.5541523540109113,0.5419377772281592,0.5541523540109113
