source,accuracy,f1_macro,f1_micro,precision,recall
tfidf,0.5836027480299051,0.4462175929878153,0.5836027480299051,0.5834543930597934,0.5836027480299051
