source,accuracy,f1_macro,f1_micro,precision,recall
tfidf,0.5704687815720347,0.42246531731599934,0.5704687815720347,0.5612339379003226,0.5704687815720347
