source,accuracy,f1_macro,f1_micro,precision,recall
tfidf,0.6246716508385532,0.49326956901709296,0.6246716508385532,0.6260998139474129,0.6246716508385532
