source,accuracy,f1_macro,f1_micro,precision,recall
tfidf,0.652050919377652,0.6036398492652465,0.652050919377652,0.6517122216684386,0.652050919377652
