source,accuracy,f1_macro,f1_micro,precision,recall
tfidf,0.5847140836532633,0.41956123841931464,0.5847140836532633,0.5959066950835826,0.5847140836532633
