source,accuracy,f1_macro,f1_micro,precision,recall
twitter,0.5874384236453202,0.5717458341446867,0.5874384236453202,0.5846271604351668,0.5874384236453202
