source,accuracy,f1_macro,f1_micro,precision,recall
twitter,0.6036945812807881,0.5840396335508414,0.6036945812807881,0.6051313505777552,0.6036945812807881
