source,accuracy,f1_macro,f1_micro,precision,recall
twitter,0.6482758620689655,0.6322797933397482,0.6482758620689655,0.643813760251642,0.6482758620689655
