source,accuracy,f1_macro,f1_micro,precision,recall
twitter,0.716256157635468,0.707735563767175,0.716256157635468,0.7266800880318796,0.716256157635468
