source,accuracy,f1_macro,f1_micro,precision,recall
twitter,0.5216748768472906,0.46558264617285083,0.5216748768472906,0.519883272690885,0.5216748768472906
