source,accuracy,f1_macro,f1_micro,precision,recall
twitter,0.4147783251231527,0.3671680073628909,0.4147783251231527,0.4104094078724143,0.4147783251231527
