source,accuracy,f1_macro,f1_micro,precision,recall
twitter,0.6869458128078818,0.6736545809460919,0.6869458128078818,0.7074297283919118,0.6869458128078818
