source,accuracy,f1_macro,f1_micro,precision,recall
twitter,0.5381773399014779,0.5102054281068461,0.5381773399014779,0.5552697762022136,0.5381773399014779
