source,accuracy,f1_macro,f1_micro,precision,recall
twitter,0.6376847290640394,0.6254447065242333,0.6376847290640394,0.6484766939995168,0.6376847290640394
