source,accuracy,f1_macro,f1_micro,precision,recall
twitter,0.7497536945812808,0.7426755154338578,0.7497536945812808,0.7522562764036979,0.7497536945812808
