source,accuracy,f1_macro,f1_micro,precision,recall
twitter,0.6362068965517241,0.6203845761730354,0.6362068965517241,0.6342737647211192,0.6362068965517241
