source,accuracy,f1_macro,f1_micro,precision,recall
twitter,0.5293103448275862,0.5147718745183811,0.5293103448275862,0.5282261207780411,0.5293103448275862
