source,accuracy,f1_macro,f1_micro,precision,recall
twitter,0.7157635467980296,0.7069500169945255,0.7157635467980294,0.7153747567349985,0.7157635467980296
