source,accuracy,f1_macro,f1_micro,precision,recall
twitter,0.49310344827586206,0.4612748859471294,0.49310344827586206,0.4980012789165175,0.49310344827586206
