source,accuracy,f1_macro,f1_micro,precision,recall
twitter,0.4189655172413793,0.35239922199271234,0.4189655172413793,0.40776338361219044,0.4189655172413793
