source,accuracy,f1_macro,f1_micro,precision,recall
twitter,0.37857142857142856,0.35997454624649294,0.37857142857142856,0.37547238790832477,0.37857142857142856
