source,accuracy,f1_macro,f1_micro,precision,recall
twitter,0.5625615763546798,0.44646587887287803,0.5625615763546798,0.5508935469375384,0.5625615763546798
