source,accuracy,f1_macro,f1_micro,precision,recall
twitter,0.48004926108374385,0.2811432153840898,0.48004926108374385,0.4929533697794808,0.48004926108374385
