source,accuracy,f1_macro,f1_micro,precision,recall
twitter,0.6620689655172414,0.6259964390388044,0.6620689655172414,0.7231062174006425,0.6620689655172414
