source,accuracy,f1_macro,f1_micro,precision,recall
twitter,0.5911330049261084,0.44315248223176923,0.5911330049261084,0.5803465103458485,0.5911330049261084
