source,accuracy,f1_macro,f1_micro,precision,recall
twitter,0.5285714285714286,0.3397586444811509,0.5285714285714286,0.5741938015634014,0.5285714285714286
