source,accuracy,f1_macro,f1_micro,precision,recall
twitter,0.39482758620689656,0.12944675520112092,0.39482758620689656,0.28049034770057923,0.39482758620689656
