source,accuracy,f1_macro,f1_micro,precision,recall
twitter,0.5669950738916256,0.417646046142143,0.5669950738916256,0.593892449414863,0.5669950738916256
