source,accuracy,f1_macro,f1_micro,precision,recall
twitter,0.46551724137931033,0.18243364831153133,0.46551724137931033,0.3588512830537602,0.46551724137931033
