source,accuracy,f1_macro,f1_micro,precision,recall
twitter,0.6706896551724137,0.5836332786564371,0.6706896551724137,0.7293427026824293,0.6706896551724137
