source,accuracy,f1_macro,f1_micro,precision,recall
twitter,0.4603448275862069,0.27144265050631544,0.4603448275862069,0.49722687031881263,0.4603448275862069
