source,accuracy,f1_macro,f1_micro,precision,recall
twitter,0.6315270935960591,0.5290190610855535,0.6315270935960591,0.6844955644665979,0.6315270935960591
