source,accuracy,f1_macro,f1_micro,precision,recall
twitter,0.6248768472906404,0.513318992434213,0.6248768472906404,0.6811443066915458,0.6248768472906404
