source,accuracy,f1_macro,f1_micro,precision,recall
twitter,0.7172413793103448,0.693436920119608,0.7172413793103447,0.718519511820647,0.7172413793103448
