source,accuracy,f1_macro,f1_micro,precision,recall
twitter,0.4810344827586207,0.2646690226301802,0.4810344827586207,0.4958276084764589,0.4810344827586207
