source,accuracy,f1_macro,f1_micro,precision,recall
twitter,0.7492610837438424,0.7228042540904787,0.7492610837438424,0.7640272711220456,0.7492610837438424
