source,accuracy,f1_macro,f1_micro,precision,recall
twitter,0.5258620689655172,0.4016083956784898,0.5258620689655172,0.506281006736762,0.5258620689655172
