source,accuracy,f1_macro,f1_micro,precision,recall
reddit,0.6688485002541942,0.6687531360027212,0.6688485002541942,0.669170960353236,0.6688485002541942
