source,accuracy,f1_macro,f1_micro,precision,recall
reddit,0.6432384341637011,0.6431364631457266,0.6432384341637011,0.6453882688820483,0.6432384341637011
