source,accuracy,f1_macro,f1_micro,precision,recall
reddit,0.6852440264361973,0.6851750036708185,0.6852440264361973,0.6869284951894962,0.6852440264361973
