source,accuracy,f1_macro,f1_micro,precision,recall
reddit,0.6337061514997459,0.6336673260056489,0.6337061514997459,0.6342825497494059,0.6337061514997459
