source,accuracy,f1_macro,f1_micro,precision,recall
reddit,0.6567107269954245,0.6566126066820832,0.6567107269954245,0.6589381150850707,0.6567107269954245
