source,accuracy,f1_macro,f1_micro,precision,recall
reddit,0.6547407219115404,0.6546005530750341,0.6547407219115404,0.6572145368626892,0.6547407219115404
