source,accuracy,f1_macro,f1_micro,precision,recall
reddit,0.6332613116420945,0.6196672586018597,0.6332613116420945,0.6664803619461913,0.6332613116420945
