source,accuracy,f1_macro,f1_micro,precision,recall
reddit,0.7006227758007118,0.7005559933033096,0.7006227758007118,0.7008111014431003,0.7006227758007118
