source,accuracy,f1_macro,f1_micro,precision,recall
reddit,0.6353584138281647,0.6178959752049469,0.6353584138281647,0.6788956032855606,0.6353584138281647
