source,accuracy,f1_macro,f1_micro,precision,recall
reddit,0.6798423995932893,0.6796291361653906,0.6798423995932893,0.6798144051625502,0.6798423995932893
