source,accuracy,f1_macro,f1_micro,precision,recall
reddit,0.699288256227758,0.6988649285465967,0.699288256227758,0.6992421237887786,0.699288256227758
