source,accuracy,f1_macro,f1_micro,precision,recall
reddit,0.6295754956786985,0.6288347155814359,0.6295754956786985,0.6340109757723038,0.6295754956786985
