source,accuracy,f1_macro,f1_micro,precision,recall
reddit,0.6700559227249618,0.6694017266000554,0.6700559227249618,0.6700228092771277,0.6700559227249618
