source,accuracy,f1_macro,f1_micro,precision,recall
reddit,0.6959201830198272,0.6957380534740227,0.6959201830198272,0.6959104558077657,0.6959201830198272
