source,accuracy,f1_macro,f1_micro,precision,recall
reddit,0.6290035587188612,0.6277968362874025,0.6290035587188612,0.6347551441762522,0.6290035587188612
