source,accuracy,f1_macro,f1_micro,precision,recall
reddit,0.6531520081342146,0.6531213241083821,0.6531520081342146,0.6537729096515195,0.6531520081342146
