source,accuracy,f1_macro,f1_micro,precision,recall
tfidf,0.541871921182266,0.5137654347568759,0.541871921182266,0.572227364207035,0.541871921182266
