source,accuracy,f1_macro,f1_micro,precision,recall
tfidf,0.4051724137931034,0.3503245504579413,0.4051724137931034,0.3958852531314146,0.4051724137931034
