source,accuracy,f1_macro,f1_micro,precision,recall
tfidf,0.5401477832512315,0.5278419300522846,0.5401477832512315,0.5401705019810104,0.5401477832512315
