source,accuracy,f1_macro,f1_micro,precision,recall
tfidf,0.383743842364532,0.33240166869547594,0.383743842364532,0.3684460871700306,0.383743842364532
