source,accuracy,f1_macro,f1_micro,precision,recall
tfidf,0.5918719211822661,0.5804693538922454,0.5918719211822661,0.5905196386911011,0.5918719211822661
