source,accuracy,f1_macro,f1_micro,precision,recall
tfidf,0.4911330049261084,0.4595740537704228,0.49113300492610845,0.5019432719833592,0.4911330049261084
