source,accuracy,f1_macro,f1_micro,precision,recall
tfidf,0.35073891625615766,0.33760887128763145,0.35073891625615766,0.3493830075443425,0.35073891625615766
