source,accuracy,f1_macro,f1_micro,precision,recall
tfidf,0.4039408866995074,0.3830837025237277,0.4039408866995074,0.3969909162684638,0.4039408866995074
