source,accuracy,f1_macro,f1_micro,precision,recall
tfidf,0.37438423645320196,0.3274165316475984,0.37438423645320196,0.36060580012340776,0.37438423645320196
