source,accuracy,f1_macro,f1_micro,precision,recall
tfidf,0.5975369458128079,0.5807751320680277,0.5975369458128079,0.6059044238522,0.5975369458128079
