source,accuracy,f1_macro,f1_micro,precision,recall
tfidf,0.6354679802955665,0.6226077151676519,0.6354679802955665,0.6367076800626627,0.6354679802955665
