source,accuracy,f1_macro,f1_micro,precision,recall
tfidf,0.41182266009852214,0.3636894075557896,0.4118226600985221,0.4153855424627537,0.41182266009852214
