source,accuracy,f1_macro,f1_micro,precision,recall
tfidf,0.36428571428571427,0.3554576842122235,0.36428571428571427,0.36895832826524877,0.36428571428571427
