source,accuracy,f1_macro,f1_micro,precision,recall
tfidf,0.4059113300492611,0.3615843727158148,0.40591133004926105,0.39132347412172486,0.4059113300492611
