source,accuracy,f1_macro,f1_micro,precision,recall
tfidf,0.37561576354679804,0.3284523692715223,0.37561576354679804,0.3618465377260545,0.37561576354679804
