source,accuracy,f1_macro,f1_micro,precision,recall
tfidf,0.3958128078817734,0.38396216221919366,0.3958128078817734,0.39755591475929747,0.3958128078817734
