source,accuracy,f1_macro,f1_micro,precision,recall
combined,0.4281167912709638,0.4664710391401338,0.4281167912709638,0.4278862806948936,0.4281167912709638
