source,accuracy,f1_macro,f1_micro,precision,recall
combined,0.3636593251161851,0.1326368655396291,0.3636593251161851,0.3113027507860949,0.3636593251161851
