source,accuracy,f1_macro,f1_micro,precision,recall
combined,0.43241058799757526,0.3006899771233373,0.43241058799757526,0.4964929797798683,0.43241058799757526
