source,accuracy,f1_macro,f1_micro,precision,recall
combined,0.41205293998787634,0.39736754020997467,0.41205293998787634,0.45820839673931185,0.41205293998787634
