source,accuracy,f1_macro,f1_micro,precision,recall
combined,0.44402909678722974,0.3462351432952907,0.44402909678722974,0.45626194015776805,0.44402909678722974
