source,accuracy,f1_macro,f1_micro,precision,recall
combined,0.41331582137805617,0.3854090968473046,0.41331582137805617,0.44871558962856517,0.41331582137805617
