source,accuracy,f1_macro,f1_micro,precision,recall
combined,0.40533441099211964,0.26289761732556827,0.4053344109921196,0.47758443350007723,0.40533441099211964
