source,accuracy,f1_macro,f1_micro,precision,recall
combined,0.4061426550818347,0.29101951261312164,0.4061426550818347,0.43289305759990404,0.4061426550818347
