source,accuracy,f1_macro,f1_micro,precision,recall
combined,0.43847241867043846,0.3539292409287762,0.43847241867043846,0.4378157426417163,0.43847241867043846
