source,accuracy,f1_macro,f1_micro,precision,recall
combined,0.41447767225702165,0.25316693729994044,0.41447767225702165,0.4728069272861484,0.41447767225702165
