source,accuracy,f1_macro,f1_micro,precision,recall
combined,0.4334714083653263,0.3772412921169187,0.4334714083653263,0.5156549719411987,0.4334714083653263
