source,accuracy,f1_macro,f1_micro,precision,recall
combined,0.3932612649020004,0.3732133935064765,0.39326126490200036,0.3892099456110972,0.3932612649020004
