source,accuracy,f1_macro,f1_micro,precision,recall
combined,0.4247322691452819,0.3927097495982306,0.42473226914528184,0.41444195397013756,0.4247322691452819
