source,accuracy,f1_macro,f1_micro,precision,recall
combined,0.39437260052535866,0.21362445753292883,0.39437260052535866,0.34632773472721606,0.39437260052535866
