source,accuracy,f1_macro,f1_micro,precision,recall
combined,0.43165285916346735,0.39480941286506505,0.43165285916346735,0.5355516243343281,0.43165285916346735
