source,accuracy,f1_macro,f1_micro,precision,recall
combined,0.46706405334410994,0.4663848354540485,0.46706405334410994,0.50536579477817,0.46706405334410994
