source,accuracy,f1_macro,f1_micro,precision,recall
twitter,0.7362068965517241,0.6825518823627003,0.7362068965517241,0.7777244838472145,0.7362068965517241
