source,accuracy,f1_macro,f1_micro,precision,recall
twitter,0.5903940886699507,0.41232857452368604,0.5903940886699507,0.5650379249245321,0.5903940886699507
