source,accuracy,f1_macro,f1_micro,precision,recall
twitter,0.7049261083743842,0.6449592081991823,0.7049261083743842,0.7332981674573144,0.7049261083743842
