source,accuracy,f1_macro,f1_micro,precision,recall
twitter,0.5386699507389162,0.277720496750185,0.5386699507389162,0.4883226123609516,0.5386699507389162
