source,accuracy,f1_macro,f1_micro,precision,recall
twitter,0.49088669950738917,0.1284805839071736,0.49088669950738917,0.3909772196833029,0.49088669950738917
