source,accuracy,f1_macro,f1_micro,precision,recall
twitter,0.7886699507389162,0.7560851188462993,0.7886699507389162,0.7953054876737023,0.7886699507389162
