source,accuracy,f1_macro,f1_micro,precision,recall
twitter,0.7275862068965517,0.6178970198549332,0.7275862068965517,0.7638443543468368,0.7275862068965517
