source,accuracy,f1_macro,f1_micro,precision,recall
twitter,0.7623152709359606,0.7173614875337039,0.7623152709359606,0.7618244049201635,0.7623152709359606
