source,accuracy,f1_macro,f1_micro,precision,recall
twitter,0.6241379310344828,0.4815096556851034,0.6241379310344828,0.6145471440687696,0.6241379310344828
