source,accuracy,f1_macro,f1_micro,precision,recall
twitter,0.6876847290640394,0.5183463603854791,0.6876847290640394,0.7314998533270052,0.6876847290640394
