source,accuracy,f1_macro,f1_micro,precision,recall
twitter,0.5886699507389163,0.361515767209526,0.5886699507389163,0.5974950749148235,0.5886699507389163
