source,accuracy,f1_macro,f1_micro,precision,recall
twitter,0.6536945812807882,0.46883936178084296,0.6536945812807882,0.6549380330963097,0.6536945812807882
