source,accuracy,f1_macro,f1_micro,precision,recall
twitter,0.6283251231527094,0.42909767382008707,0.6283251231527094,0.6588519894335374,0.6283251231527094
