source,accuracy,f1_macro,f1_micro,precision,recall
twitter,0.5701970443349754,0.29518217464341934,0.5701970443349754,0.6218604418637198,0.5701970443349754
