source,accuracy,f1_macro,f1_micro,precision,recall
twitter,0.6024630541871921,0.37538470835239723,0.6024630541871921,0.6285703524540952,0.6024630541871921
