source,accuracy,f1_macro,f1_micro,precision,recall
twitter,0.5455665024630542,0.1891621499031094,0.5455665024630542,0.47060186564549694,0.5455665024630542
