source,accuracy,f1_macro,f1_micro,precision,recall
tfidf,0.1660941604364518,0.12099882888568086,0.1660941604364518,0.17532573122273432,0.1660941604364518
