source,accuracy,f1_macro,f1_micro,precision,recall
tfidf,0.26808446150737525,0.22622342986040894,0.26808446150737525,0.25245290493829453,0.26808446150737525
