source,accuracy,f1_macro,f1_micro,precision,recall
tfidf,0.22620731460901192,0.20148263786027198,0.22620731460901192,0.22298834548038504,0.22620731460901192
