source,accuracy,f1_macro,f1_micro,precision,recall
tfidf,0.22125681955950696,0.19225478692756554,0.22125681955950696,0.2120168005198811,0.22125681955950696
