source,accuracy,f1_macro,f1_micro,precision,recall
tfidf,0.13967468175388967,0.06579151944249069,0.13967468175388967,0.0990645028147662,0.13967468175388967
