source,accuracy,f1_macro,f1_micro,precision,recall
tfidf,0.15205091937765206,0.10060969092103092,0.15205091937765206,0.12415127033081941,0.15205091937765206
