source,accuracy,f1_macro,f1_micro,precision,recall
tfidf,0.15371792281268942,0.10776813626754045,0.15371792281268942,0.32378869917882075,0.15371792281268942
