source,accuracy,f1_macro,f1_micro,precision,recall
tfidf,0.14523135987068095,0.11185251294928342,0.14523135987068095,0.14709698024271745,0.14523135987068095
