source,accuracy,f1_macro,f1_micro,precision,recall
tfidf,0.15740553647201455,0.11816779384663743,0.15740553647201455,0.13657779327242514,0.15740553647201455
