source,accuracy,f1_macro,f1_micro,precision,recall
tfidf,0.2423216811477066,0.207281344790023,0.2423216811477066,0.23395287604808682,0.2423216811477066
