source,accuracy,f1_macro,f1_micro,precision,recall
tfidf,0.1395231359870681,0.066361476906214,0.1395231359870681,0.09994432471758756,0.1395231359870681
