source,accuracy,f1_macro,f1_micro,precision,recall
tfidf,0.14518084461507375,0.1084851011666502,0.14518084461507375,0.13517150628563876,0.14518084461507375
