source,accuracy,f1_macro,f1_micro,precision,recall
tfidf,0.2633865427359062,0.22854703670084858,0.2633865427359062,0.25374367701681744,0.2633865427359062
