source,accuracy,f1_macro,f1_micro,precision,recall
tfidf,0.1592240856738735,0.13108788453728729,0.1592240856738735,0.14444232186393016,0.1592240856738735
