source,accuracy,f1_macro,f1_micro,precision,recall
tfidf,0.15129319054354415,0.1296280238276697,0.15129319054354415,0.14202115645747854,0.15129319054354415
