source,accuracy,f1_macro,f1_micro,precision,recall
tfidf,0.22741968074358457,0.19757378756390004,0.22741968074358457,0.23686035863533744,0.22741968074358457
