source,accuracy,f1_macro,f1_micro,precision,recall
reddit,0.6976359938993391,0.6973130469057942,0.6976359938993391,0.6975685619445913,0.6976359938993391
