source,accuracy,f1_macro,f1_micro,precision,recall
reddit,0.6692297915607525,0.6686380156546253,0.6692297915607525,0.6724628650139046,0.6692297915607525
