source,accuracy,f1_macro,f1_micro,precision,recall
reddit,0.6343416370106761,0.62231525608881,0.6343416370106761,0.6656734851476,0.6343416370106761
