source,accuracy,f1_macro,f1_micro,precision,recall
reddit,0.6546136248093544,0.6544337660873105,0.6546136248093544,0.6545686586314957,0.6546136248093544
