source,accuracy,f1_macro,f1_micro,precision,recall
reddit,0.6640188103711235,0.6640111780143705,0.6640188103711235,0.6643005489252489,0.6640188103711235
