source,accuracy,f1_macro,f1_micro,precision,recall
reddit,0.664844941535333,0.6644350081099244,0.664844941535333,0.664742409367637,0.664844941535333
