source,accuracy,f1_macro,f1_micro,precision,recall
reddit,0.686451448906965,0.6861714866915788,0.686451448906965,0.6898440908701418,0.686451448906965
