source,accuracy,f1_macro,f1_micro,precision,recall
reddit,0.6199796644636503,0.6195282949278854,0.6199796644636503,0.6198817022424951,0.6199796644636503
