source,accuracy,f1_macro,f1_micro,precision,recall
reddit,0.6837188612099644,0.6833953684687666,0.6837188612099644,0.6836517237590339,0.6837188612099644
