source,accuracy,f1_macro,f1_micro,precision,recall
reddit,0.6407600406710727,0.6245781555307102,0.6407600406710727,0.6849097712931806,0.6407600406710727
