source,accuracy,f1_macro,f1_micro,precision,recall
reddit,0.6227758007117438,0.6161984273227283,0.6227758007117438,0.6368378938087227,0.6227758007117438
