source,accuracy,f1_macro,f1_micro,precision,recall
reddit,0.701194712760549,0.7011835913924855,0.701194712760549,0.7018801499473437,0.701194712760549
