source,accuracy,f1_macro,f1_micro,precision,recall
reddit,0.6994789018810371,0.6992717515487412,0.6994789018810371,0.6994906201688965,0.6994789018810371
