source,accuracy,f1_macro,f1_micro,precision,recall
reddit,0.628685815963396,0.6281789448401127,0.628685815963396,0.6310117317897858,0.628685815963396
