source,accuracy,f1_macro,f1_micro,precision,recall
reddit,0.654041687849517,0.6536750519341173,0.654041687849517,0.6562795067858875,0.654041687849517
