source,accuracy,f1_macro,f1_micro,precision,recall
reddit,0.6208057956278596,0.6163226160669325,0.6208057956278596,0.6307999061869747,0.6208057956278596
