source,accuracy,f1_macro,f1_micro,precision,recall
reddit,0.3596212506354855,0.13210390774886058,0.3596212506354855,0.28307570759724054,0.3596212506354855
