source,accuracy,f1_macro,f1_micro,precision,recall
reddit,0.3701067615658363,0.2946641368553088,0.3701067615658363,0.36007015578620766,0.3701067615658363
