source,accuracy,f1_macro,f1_micro,precision,recall
reddit,0.3575876970005084,0.131201128603977,0.3575876970005084,0.28050316430806294,0.3575876970005084
