source,accuracy,f1_macro,f1_micro,precision,recall
reddit,0.362353838332486,0.16853519770741998,0.362353838332486,0.35725414044951015,0.362353838332486
