source,accuracy,f1_macro,f1_micro,precision,recall
reddit,0.3644509405185562,0.15146885736297935,0.3644509405185562,0.3842924328187728,0.3644509405185562
