source,accuracy,f1_macro,f1_micro,precision,recall
reddit,0.34786476868327404,0.1579152572497221,0.34786476868327404,0.3145300736518655,0.34786476868327404
