source,accuracy,f1_macro,f1_micro,precision,recall
reddit,0.342463141840366,0.25589867033517005,0.342463141840366,0.33498307234732666,0.342463141840366
