source,accuracy,f1_macro,f1_micro,precision,recall
reddit,0.3448144382308083,0.16282326310589804,0.3448144382308083,0.3077279698270223,0.3448144382308083
