source,accuracy,f1_macro,f1_micro,precision,recall
reddit,0.38415099135739705,0.21453391483666565,0.38415099135739705,0.4243043062761053,0.38415099135739705
