source,accuracy,f1_macro,f1_micro,precision,recall
reddit,0.40372394509405185,0.28366181579360206,0.40372394509405185,0.411606958068148,0.40372394509405185
