source,accuracy,f1_macro,f1_micro,precision,recall
reddit,0.3654041687849517,0.12503950571824604,0.3654041687849517,0.4228530349164207,0.3654041687849517
