source,accuracy,f1_macro,f1_micro,precision,recall
reddit,0.3908871377732588,0.27637889004705585,0.3908871377732588,0.37645802883746377,0.3908871377732588
