source,accuracy,f1_macro,f1_micro,precision,recall
reddit,0.3951448906964921,0.22536291062644254,0.39514489069649206,0.3810247825738142,0.3951448906964921
