source,accuracy,f1_macro,f1_micro,precision,recall
reddit,0.36947127605490593,0.14401091427607912,0.36947127605490593,0.49140012498175833,0.36947127605490593
