source,accuracy,f1_macro,f1_micro,precision,recall
reddit,0.39501779359430605,0.2359373964701694,0.39501779359430605,0.4469136640844784,0.39501779359430605
