source,accuracy,f1_macro,f1_micro,precision,recall
reddit,0.3267666497203864,0.21207883070287195,0.3267666497203864,0.30345085153120244,0.3267666497203864
