source,accuracy,f1_macro,f1_micro,precision,recall
reddit,0.3543467208947636,0.17264322922257447,0.35434672089476366,0.41657985813733367,0.3543467208947636
