source,accuracy,f1_macro,f1_micro,precision,recall
reddit,0.38357905439755974,0.2151874608162161,0.3835790543975598,0.3662665828797871,0.38357905439755974
