source,accuracy,f1_macro,f1_micro,precision,recall
reddit,0.3508515505846467,0.2634991541355849,0.3508515505846467,0.34093815705093095,0.3508515505846467
