source,accuracy,f1_macro,f1_micro,precision,recall
reddit,0.34900864260294867,0.1743741533412512,0.34900864260294867,0.32196405471221023,0.34900864260294867
