source,accuracy,f1_macro,f1_micro,precision,recall
reddit,0.3833248601931876,0.3047753801744466,0.3833248601931877,0.36972575060266427,0.3833248601931876
