source,accuracy,f1_macro,f1_micro,precision,recall
reddit,0.353329944077275,0.17640192653763773,0.353329944077275,0.34266867768079584,0.353329944077275
