source,accuracy,f1_macro,f1_micro,precision,recall
reddit,0.33960345704117945,0.2250597882318062,0.33960345704117945,0.3146573455971209,0.33960345704117945
