source,accuracy,f1_macro,f1_micro,precision,recall
reddit,0.39794102694458566,0.2158363372813377,0.39794102694458566,0.45352721081231046,0.39794102694458566
