source,accuracy,f1_macro,f1_micro,precision,recall
reddit,0.36406964921199797,0.15064024812840446,0.36406964921199797,0.39654992776892933,0.36406964921199797
