source,accuracy,f1_macro,f1_micro,precision,recall
reddit,0.40664717844433146,0.28446697509689584,0.40664717844433146,0.4105990712029436,0.40664717844433146
