source,accuracy,f1_macro,f1_micro,precision,recall
reddit,0.3556176919166243,0.12319663099561075,0.3556176919166243,0.2837034465301543,0.3556176919166243
