source,accuracy,f1_macro,f1_micro,precision,recall
reddit,0.35625317742755463,0.1242962940477504,0.35625317742755463,0.2861660167931856,0.35625317742755463
