source,accuracy,f1_macro,f1_micro,precision,recall
reddit,0.3434799186578546,0.18185350752488708,0.3434799186578546,0.33230701480690633,0.3434799186578546
