source,accuracy,f1_macro,f1_micro,precision,recall
reddit,0.38993390950686324,0.27747713950599834,0.38993390950686324,0.37668174910427554,0.38993390950686324
