source,accuracy,f1_macro,f1_micro,precision,recall
reddit,0.3581596339603457,0.1621734763296898,0.3581596339603457,0.3536849114820728,0.3581596339603457
