source,accuracy,f1_macro,f1_micro,precision,recall
reddit,0.3773512963904423,0.19662058410214275,0.3773512963904423,0.38427211742132966,0.3773512963904423
