source,accuracy,f1_macro,f1_micro,precision,recall
tfidf,0.06996695475343162,0.050741878837840204,0.06996695475343162,0.24651628824130897,0.06996695475343162
