source,accuracy,f1_macro,f1_micro,precision,recall
tfidf,0.19325114387391967,0.1860270489941541,0.19325114387391965,0.19038277324442654,0.19325114387391967
