source,accuracy,f1_macro,f1_micro,precision,recall
tfidf,0.15035587188612098,0.14821510202737284,0.15035587188612098,0.1513502152057014,0.15035587188612098
