source,accuracy,f1_macro,f1_micro,precision,recall
tfidf,0.07352567361464159,0.06403595421912282,0.07352567361464159,0.07098436951548673,0.07352567361464159
