source,accuracy,f1_macro,f1_micro,precision,recall
tfidf,0.08896797153024912,0.07467297855773672,0.08896797153024912,0.0802271177188716,0.08896797153024912
