source,accuracy,f1_macro,f1_micro,precision,recall
tfidf,0.07454245043213015,0.04908189895819814,0.07454245043213015,0.058883777589959024,0.07454245043213015
