source,accuracy,f1_macro,f1_micro,precision,recall
tfidf,0.0813421453990849,0.06773199633857323,0.0813421453990849,0.12476899558561572,0.0813421453990849
