source,accuracy,f1_macro,f1_micro,precision,recall
tfidf,0.08267666497203864,0.07426867031505371,0.08267666497203864,0.07440012881086476,0.08267666497203864
