source,accuracy,f1_macro,f1_micro,precision,recall
tfidf,0.1490849008642603,0.14098565435189023,0.1490849008642603,0.145518182448662,0.1490849008642603
