source,accuracy,f1_macro,f1_micro,precision,recall
tfidf,0.15245297407219116,0.14609140094404263,0.15245297407219116,0.16392601344207758,0.15245297407219116
