source,accuracy,f1_macro,f1_micro,precision,recall
tfidf,0.07492374173868836,0.06324085033328694,0.07492374173868836,0.0707706958420529,0.07492374173868836
