source,accuracy,f1_macro,f1_micro,precision,recall
tfidf,0.08426537874936452,0.07998369006715227,0.08426537874936452,0.07944982587392697,0.08426537874936452
