source,accuracy,f1_macro,f1_micro,precision,recall
tfidf,0.07460599898322318,0.04878308558331063,0.07460599898322318,0.05697239573779038,0.07460599898322318
