source,accuracy,f1_macro,f1_micro,precision,recall
tfidf,0.08909506863243519,0.07411768689816625,0.08909506863243517,0.07748896281407866,0.08909506863243519
