source,accuracy,f1_macro,f1_micro,precision,recall
tfidf,0.18969242501270972,0.18335382471532125,0.18969242501270972,0.18673521390522307,0.18969242501270972
