source,accuracy,f1_macro,f1_micro,precision,recall
tfidf,0.16408235892221656,0.16301109413111486,0.16408235892221656,0.1689807047131467,0.16408235892221656
