source,accuracy,f1_macro,f1_micro,precision,recall
combined,0.2331784198828046,0.20100778869689775,0.2331784198828046,0.22744396994939478,0.2331784198828046
