source,accuracy,f1_macro,f1_micro,precision,recall
combined,0.23004647403515863,0.20755181911571108,0.23004647403515863,0.22471865877532501,0.23004647403515863
