source,accuracy,f1_macro,f1_micro,precision,recall
combined,0.26576075974944435,0.22743772810915253,0.26576075974944435,0.25263060407850035,0.26576075974944435
