source,accuracy,f1_macro,f1_micro,precision,recall
combined,0.1692261062840978,0.08681311612995078,0.1692261062840978,0.12344595576716128,0.1692261062840978
