source,accuracy,f1_macro,f1_micro,precision,recall
combined,0.21554859567589413,0.1926989135454661,0.21554859567589413,0.21329621088786593,0.21554859567589413
