source,accuracy,f1_macro,f1_micro,precision,recall
combined,0.18503738128914932,0.1447978428943422,0.18503738128914932,0.22639391385721383,0.18503738128914932
