source,accuracy,f1_macro,f1_micro,precision,recall
combined,0.14002828854314003,0.0578302284153285,0.14002828854314003,0.1357285411888044,0.14002828854314003
