source,accuracy,f1_macro,f1_micro,precision,recall
combined,0.1516973125884017,0.09627208793815091,0.1516973125884017,0.3025788490258433,0.1516973125884017
