source,accuracy,f1_macro,f1_micro,precision,recall
combined,0.27838957365124267,0.24751217766294986,0.27838957365124267,0.26587364299565197,0.27838957365124267
