source,accuracy,f1_macro,f1_micro,precision,recall
combined,0.1934229137199434,0.15188738794141507,0.1934229137199434,0.26193122406443586,0.1934229137199434
