source,accuracy,f1_macro,f1_micro,precision,recall
combined,0.24474641341685188,0.21199513559317512,0.24474641341685188,0.239614694150678,0.24474641341685188
