source,accuracy,f1_macro,f1_micro,precision,recall
combined,0.22428773489593856,0.19209519178498904,0.22428773489593856,0.2247942764989717,0.22428773489593856
