source,accuracy,f1_macro,f1_micro,precision,recall
combined,0.26924631238634067,0.22873935665903578,0.26924631238634067,0.2534499028002632,0.26924631238634067
