source,accuracy,f1_macro,f1_micro,precision,recall
combined,0.2217619721155789,0.1959767208393087,0.2217619721155789,0.21463988091789207,0.2217619721155789
