source,accuracy,f1_macro,f1_micro,precision,recall
combined,0.16038593655283895,0.11780885532644403,0.16038593655283895,0.20551630736107976,0.16038593655283895
