source,accuracy,f1_macro,f1_micro,precision,recall
combined,0.22832895534451406,0.20237274337186484,0.22832895534451406,0.22471513128796652,0.22832895534451406
