source,accuracy,f1_macro,f1_micro,precision,recall
combined,0.5737017579308952,0.42829283259341827,0.5737017579308952,0.5694990160354104,0.5737017579308952
