source,accuracy,f1_macro,f1_micro,precision,recall
combined,0.6342190341483128,0.5522355545540921,0.6342190341483128,0.6373583061975268,0.6342190341483128
