source,accuracy,f1_macro,f1_micro,precision,recall
combined,0.6549808042028693,0.6616703133139317,0.6549808042028693,0.6590079272092618,0.6549808042028693
