source,accuracy,f1_macro,f1_micro,precision,recall
combined,0.5835017175186906,0.4389672965195144,0.5835017175186906,0.5849261425796449,0.5835017175186906
