source,accuracy,f1_macro,f1_micro,precision,recall
combined,0.6246211355829461,0.6121269174700931,0.6246211355829461,0.6353172345271152,0.6246211355829461
