source,accuracy,f1_macro,f1_micro,precision,recall
combined,0.6979187714689836,0.730395043100005,0.6979187714689836,0.702733093089235,0.6979187714689836
