source,accuracy,f1_macro,f1_micro,precision,recall
combined,0.5787027682360073,0.41319645063622695,0.5787027682360073,0.578376659023749,0.5787027682360073
