source,accuracy,f1_macro,f1_micro,precision,recall
combined,0.6570519296827642,0.6033444530212416,0.6570519296827642,0.6561337658009243,0.6570519296827642
