source,accuracy,f1_macro,f1_micro,precision,recall
combined,0.6649828248130936,0.6039742045011103,0.6649828248130936,0.6631505599731642,0.6649828248130936
