source,accuracy,f1_macro,f1_micro,precision,recall
combined,0.6685694079612042,0.6159068299788316,0.6685694079612042,0.6670981825054749,0.6685694079612042
