source,accuracy,f1_macro,f1_micro,precision,recall
combined,0.6685694079612042,0.6888546995584129,0.6685694079612042,0.6697203288239733,0.6685694079612042
