source,accuracy,f1_macro,f1_micro,precision,recall
combined,0.6247221660941604,0.614511511553499,0.6247221660941604,0.6394286561762338,0.6247221660941604
