source,accuracy,f1_macro,f1_micro,precision,recall
combined,0.6509395837542938,0.5473555420098218,0.6509395837542938,0.6508210866877446,0.6509395837542938
