source,accuracy,f1_macro,f1_micro,precision,recall
combined,0.6385128308749243,0.5580444449613936,0.6385128308749243,0.6392649751011479,0.6385128308749243
