source,accuracy,f1_macro,f1_micro,precision,recall
combined,0.6740250555667812,0.6905829602214566,0.6740250555667812,0.6772125456669303,0.6740250555667812
