source,accuracy,f1_macro,f1_micro,precision,recall
combined,0.6382097393412811,0.5188784286399241,0.6382097393412811,0.6395640380020414,0.6382097393412811
