source,accuracy,f1_macro,f1_micro,precision,recall
tfidf,0.6266009852216748,0.48050562536975805,0.6266009852216748,0.6086826948091446,0.6266009852216748
