source,accuracy,f1_macro,f1_micro,precision,recall
tfidf,0.5674876847290641,0.2827074781773076,0.5674876847290641,0.5802181927930319,0.5674876847290641
