source,accuracy,f1_macro,f1_micro,precision,recall
tfidf,0.5903940886699507,0.3504387289217606,0.5903940886699507,0.6092252152516865,0.5903940886699507
