source,accuracy,f1_macro,f1_micro,precision,recall
tfidf,0.47783251231527096,0.23606614155201155,0.47783251231527096,0.4086561625077639,0.47783251231527096
