source,accuracy,f1_macro,f1_micro,precision,recall
tfidf,0.5024630541871922,0.2867958441165846,0.5024630541871922,0.4503946357498599,0.5024630541871922
