source,accuracy,f1_macro,f1_micro,precision,recall
tfidf,0.5889162561576354,0.39898840357516613,0.5889162561576354,0.5622887274979655,0.5889162561576354
