source,accuracy,f1_macro,f1_micro,precision,recall
tfidf,0.5482758620689655,0.29367425717192625,0.5482758620689655,0.5100218205744134,0.5482758620689655
