source,accuracy,f1_macro,f1_micro,precision,recall
tfidf,0.5987684729064039,0.3546491047300341,0.5987684729064039,0.6281579700060588,0.5987684729064039
