source,accuracy,f1_macro,f1_micro,precision,recall
tfidf,0.6544334975369458,0.4653582664829582,0.6544334975369458,0.6425240717584748,0.6544334975369458
