source,accuracy,f1_macro,f1_micro,precision,recall
tfidf,0.5086206896551724,0.21943321264616028,0.5086206896551724,0.4803157470383752,0.5086206896551724
