source,accuracy,f1_macro,f1_micro,precision,recall
tfidf,0.495320197044335,0.22293812709551214,0.495320197044335,0.4141953233889929,0.495320197044335
