source,accuracy,f1_macro,f1_micro,precision,recall
tfidf,0.6371921182266009,0.42648578658765085,0.6371921182266009,0.6591863805853077,0.6371921182266009
