source,accuracy,f1_macro,f1_micro,precision,recall
tfidf,0.48201970443349756,0.15460554790958314,0.4820197044334976,0.3781536573961578,0.48201970443349756
