source,accuracy,f1_macro,f1_micro,precision,recall
tfidf,0.5088669950738917,0.20541655625902946,0.5088669950738917,0.42564265687913255,0.5088669950738917
