source,accuracy,f1_macro,f1_micro,precision,recall
tfidf,0.48300492610837437,0.15671239779170013,0.48300492610837437,0.38075375059482736,0.48300492610837437
