source,accuracy,f1_macro,f1_micro,precision,recall
tfidf,0.4987684729064039,0.2521375856935343,0.4987684729064039,0.42668638972023576,0.4987684729064039
