source,accuracy,f1_macro,f1_micro,precision,recall
tfidf,0.3579689883070666,0.12830033379231062,0.3579689883070666,0.29431610228299004,0.3579689883070666
