source,accuracy,f1_macro,f1_micro,precision,recall
tfidf,0.35771479410269447,0.116984225846314,0.35771479410269447,0.2666066536792831,0.35771479410269447
