source,accuracy,f1_macro,f1_micro,precision,recall
tfidf,0.34761057447890187,0.25872620902475457,0.34761057447890187,0.33695535450647585,0.34761057447890187
