source,accuracy,f1_macro,f1_micro,precision,recall
tfidf,0.31710726995424504,0.19417874529184487,0.31710726995424504,0.2863373664492419,0.31710726995424504
