source,accuracy,f1_macro,f1_micro,precision,recall
tfidf,0.3918403660396543,0.27156701993558924,0.3918403660396543,0.3802822928431585,0.3918403660396543
