source,accuracy,f1_macro,f1_micro,precision,recall
tfidf,0.37913065582104727,0.29860396124546185,0.37913065582104727,0.36747188562714245,0.37913065582104727
