source,accuracy,f1_macro,f1_micro,precision,recall
tfidf,0.3326766649720386,0.1589628096835379,0.3326766649720386,0.28558269492363797,0.3326766649720386
