source,accuracy,f1_macro,f1_micro,precision,recall
tfidf,0.33934926283680733,0.16235013378859578,0.33934926283680733,0.2834429577096374,0.33934926283680733
