source,accuracy,f1_macro,f1_micro,precision,recall
tfidf,0.3706786985256736,0.17302597675980969,0.3706786985256736,0.4259425873520789,0.3706786985256736
