source,accuracy,f1_macro,f1_micro,precision,recall
tfidf,0.38173614641586173,0.21617668649461133,0.38173614641586173,0.40923052491610434,0.38173614641586173
