source,accuracy,f1_macro,f1_micro,precision,recall
tfidf,0.4033426537874936,0.28061646199382917,0.4033426537874937,0.41370105448981737,0.4033426537874936
