source,accuracy,f1_macro,f1_micro,precision,recall
tfidf,0.3706786985256736,0.15505595817367104,0.3706786985256736,0.41501190301972024,0.3706786985256736
