source,accuracy,f1_macro,f1_micro,precision,recall
tfidf,0.38815455007625826,0.20892182078563,0.38815455007625826,0.438141097398853,0.38815455007625826
