source,accuracy,f1_macro,f1_micro,precision,recall
tfidf,0.3579689883070666,0.11730036894557656,0.3579689883070666,0.26756541722463956,0.3579689883070666
