source,accuracy,f1_macro,f1_micro,precision,recall
tfidf,0.3409379766141332,0.17076016601041918,0.3409379766141332,0.30882056438851696,0.3409379766141332
