source,accuracy,f1_macro,f1_micro,precision,recall
tfidf,0.35320284697508897,0.14886982843079405,0.35320284697508897,0.3497426836011462,0.35320284697508897
