source,accuracy,f1_macro,f1_micro,precision,recall
reddit,0.16617946110828674,0.1595395108986507,0.16617946110828674,0.1641141485323726,0.16617946110828674
