source,accuracy,f1_macro,f1_micro,precision,recall
reddit,0.09627605490594815,0.06643778027276256,0.09627605490594816,0.08287792772635276,0.09627605490594815
