source,accuracy,f1_macro,f1_micro,precision,recall
reddit,0.06882308083375699,0.04875483593320501,0.06882308083375699,0.24301230844787583,0.06882308083375699
