source,accuracy,f1_macro,f1_micro,precision,recall
reddit,0.1664972038637519,0.16399307215159165,0.1664972038637519,0.1685779668037408,0.1664972038637519
