source,accuracy,f1_macro,f1_micro,precision,recall
reddit,0.1914717844433147,0.1848639823842653,0.1914717844433147,0.18722589846182605,0.1914717844433147
