source,accuracy,f1_macro,f1_micro,precision,recall
reddit,0.08591764107778342,0.07133523499404937,0.08591764107778342,0.12995733015736047,0.08591764107778342
