source,accuracy,f1_macro,f1_micro,precision,recall
reddit,0.09106507371631926,0.08283637544151352,0.09106507371631925,0.08879856632908918,0.09106507371631926
