source,accuracy,f1_macro,f1_micro,precision,recall
reddit,0.15658362989323843,0.1474960003430865,0.15658362989323843,0.15025037488888138,0.15658362989323843
