source,accuracy,f1_macro,f1_micro,precision,recall
reddit,0.10981189628876462,0.10097034470396452,0.10981189628876462,0.10796971126283667,0.10981189628876462
