source,accuracy,f1_macro,f1_micro,precision,recall
reddit,0.08820538891713268,0.06098772985226906,0.08820538891713268,0.07681525330273992,0.08820538891713268
