source,accuracy,f1_macro,f1_micro,precision,recall
reddit,0.14914844941535332,0.14090846935906495,0.14914844941535332,0.14663731097616026,0.14914844941535332
