source,accuracy,f1_macro,f1_micro,precision,recall
reddit,0.18721403152008134,0.180711450821089,0.18721403152008134,0.18733725476601323,0.18721403152008134
