source,accuracy,f1_macro,f1_micro,precision,recall
reddit,0.07854600915099136,0.06939358535355819,0.07854600915099136,0.08414718455751065,0.07854600915099136
