source,accuracy,f1_macro,f1_micro,precision,recall
reddit,0.1436832740213523,0.1414012164311745,0.1436832740213523,0.1435351168902954,0.1436832740213523
