source,accuracy,f1_macro,f1_micro,precision,recall
reddit,0.08521860701576003,0.06533426352587919,0.08521860701576003,0.14340441644532578,0.08521860701576003
