source,accuracy,f1_macro,f1_micro,precision,recall
reddit,0.11832740213523131,0.10482580634025655,0.11832740213523131,0.11364106008968552,0.11832740213523131
